{
  "header": {
    "logo": {
      "src": "https://uicdn.toast.com/toastui/img/tui-component-bi-white.png"
    },
    "title": {
      "text": "Date Picker",
      "linkUrl": "https://github.com/nhn/tui.date-picker"
    }
  },
  "footer": [
    {
      "title": "NHN Cloud",
      "linkUrl": "https://github.com/nhn"
    },
    {
      "title": "FE Development Lab",
      "linkUrl": "https://ui.toast.com/"
    }
  ],
  "main": {
    "filePath": "README.md"
  },
  "api": {
    "filePath": "src/js/**",
    "permalink": true
  },
  "examples": {
    "filePath": "examples",
    "titles": {
      "example01-basic": "1. Basic",
      "example02-inline-style": "2. Inline style",
      "example03-selectable-ranges": "3. Having selectable ranges",
      "example04-having-timepicker": "4. Having Timepicker",
      "example05-picking-month": "5. Picking month",
      "example06-picking-year": "6. Picking year",
      "example07-calendar": "7. Calendar",
      "example08-daterangepicker": "8. DateRangePicker",
      "example09-changing-type": "9. Changing type"
    }
  },
  "pathPrefix": "tui.date-picker"
}
