{
  "header": {
    "logo": {
      "src": "https://uicdn.toast.com/toastui/img/tui-component-bi-white.png"
    },
    "title": {
      "text": "Time Picker",
      "linkUrl": "https://github.com/nhn/tui.time-picker"
    }
  },
  "footer": [
    {
      "title": "NHN Cloud",
      "linkUrl": "https://github.com/nhn"
    },
    {
      "title": "FE Development Lab",
      "linkUrl": "https://ui.toast.com/"
    }
  ],
  "main": {
    "filePath": "README.md"
  },
  "api": {
    "filePath": "src/js/**",
    "permalink": true
  },
  "examples": {
    "filePath": "examples",
    "titles": {
      "example01-basic": "1. Basic",
      "example02-using-meridiem": "2. Using meridiem",
      "example03-using-step": "3. Using step",
      "example04-i18n": "4. Internationalization (i18n)",
      "example05-using-range": "5. Using range"
    }
  },
  "pathPrefix": "tui.time-picker"
}
